Date,Job Title,Company,Location,Match Score,Matched Skills,Apply Link,Source,Status
2026-10-04 09:17:50,IT Support Specialist,FreshTalent,work from home,52,"it support, hardware, software, networking, troubleshooting, ticket management",https://in.jooble.org/jdp/-4704841774283125858,Jooble,MANUAL_REQUIRED
2026-10-04 09:17:50,Desktop Support Engineer,Isourse,Kolkatta,40,"desktop support, windows, hardware, software",https://in.jooble.org/jdp/8771489142660688529,Jooble,MANUAL_REQUIRED
2026-10-04 09:17:50,IT Support Specialist,Keywords Studios,Pune,46,"it support, windows, word, troubleshooting, helpdesk",https://in.jooble.org/jdp/7698208209520742798,Jooble,MANUAL_REQUIRED
2026-10-04 09:17:50,IT Support Specialist - Windows OS/Mac OS,Bradford Consultants LLP,Gurgaon,46,"it support, windows, hardware, software, service desk",https://in.jooble.org/jdp/-6872210681757599350,Jooble,MANUAL_REQUIRED
2026-10-04 09:17:50,IT Support Engineer,Switchgear and Control Technics Private Limited,Karnataka,40,"it support, hardware, software, switch",https://in.jooble.org/jdp/7931629322469692355,Jooble,MANUAL_REQUIRED
2026-10-04 09:17:50,IT Helpdesk Administrator,Side,Hyderabad,46,"it helpdesk, windows, networking, troubleshooting, helpdesk",https://in.jooble.org/jdp/-7681915754215460333,Jooble,MANUAL_REQUIRED
2026-10-04 09:17:50,IT Support Executive - Network & Hardware,ProPMO Services Private Limited,Mumbai,40,"it support, hardware, software, troubleshooting",https://in.jooble.org/jdp/5666576745396512095,Jooble,MANUAL_REQUIRED
2026-10-04 09:17:50,Service Desk Analyst,Nihilent Ltd.,Kolkatta,40,"service desk, excel, troubleshooting, service desk",https://in.jooble.org/jdp/-4720889686772998260,Jooble,MANUAL_REQUIRED
2026-10-04 09:17:50,Junior IT Administrator,Valenta AI,Bangalore North,40,"it support, windows, helpdesk, system administration",https://in.jooble.org/jdp/-4055762228068682175,Jooble,MANUAL_REQUIRED
2026-10-04 09:17:50,Melento - Application Support Engineer,Desk Nine Private Limited,Bangalore,52,"technical support, application support, remote support, excel, problem solving, ticketing",https://in.jooble.org/jdp/-4559909730079695654,Jooble,MANUAL_REQUIRED
2026-10-06 10:37:55,IT Support Engineer,Dotmatics,Pune,40,"it support, windows, helpdesk, google workspace",https://in.jooble.org/jdp/1814560719153003212,Jooble,MANUAL_REQUIRED
